Index,Observation,Risk,UnfTime,McTime,TotalTime,MdpStates,MdpTransitions,TimedOut
0,130,0.3507304999999999,2.904400000147689e-05,8.635399998979665e-05,0.00011539799999127354,4,5,False
1,385,0.4518687073402943,2.4797999998327214e-05,8.072299999639654e-05,0.00010552099999472375,5,7,False
2,54,0.5932549660854569,2.895000000080472e-05,7.448899999928926e-05,0.00010343900000009398,6,12,False
3,731,0.7314885125439611,2.7931000005310125e-05,7.528999999806274e-05,0.00010322100000337286,7,14,False
4,63,0.7166859553334247,2.806000000532549e-05,0.00010660199998824282,0.00013466199999356832,8,21,False
5,512,0.8548136841938766,3.6347000005321206e-05,0.00013462999999092062,0.00017097699999624183,9,23,False
6,162,0.789270403391571,4.7688999998740655e-05,0.0001128349999959255,0.00016052399999466616,10,30,False
7,229,0.9066927374393281,3.3009999995670114e-05,0.00015124300000479707,0.00018425300000046718,11,32,False
8,845,0.9160355207031419,3.6910999995143357e-05,7.2814999995785e-05,0.00010972599999092836,12,37,False
9,875,0.9801648593764041,3.340299998910723e-05,7.680599999559945e-05,0.00011020899998470668,13,39,False
10,866,1.0,4.719700000066496e-05,6.0739000005582966e-05,0.00010793600000624792,14,43,False
11,866,1.0,3.8291999999273685e-05,9.976200000494373e-05,0.00013805400000421741,15,44,False
12,866,1.0,4.041799999754403e-05,4.438499999537271e-05,8.480299999291674e-05,16,45,False
13,866,1.0,3.595900000163965e-05,3.9646999994147336e-05,7.560599999578699e-05,17,46,False
14,866,1.0,3.535300000123698e-05,5.3006000001687426e-05,8.83590000029244e-05,18,47,False
15,866,1.0,4.5575000001463195e-05,4.125200000260065e-05,8.682700000406385e-05,19,48,False
16,866,1.0,4.161600000429644e-05,5.841799999473096e-05,0.0001000339999990274,20,49,False
17,866,1.0,7.611499999882199e-05,6.675999999572468e-05,0.00014287499999454667,21,50,False
18,866,1.0,9.913099999891983e-05,8.300700000063443e-05,0.00018213799999955427,22,51,False
19,866,1.0,5.712500001209264e-05,0.00011899999999798183,0.00017612500001007447,23,52,False
20,866,1.0,6.648499999073465e-05,7.068800000809006e-05,0.0001371729999988247,24,53,False
21,866,1.0,6.306599999561513e-05,7.314199999086668e-05,0.0001362079999864818,25,54,False
22,866,1.0,5.494900000257985e-05,5.212099999596376e-05,0.00010706999999854361,26,55,False
23,866,1.0,4.617000000450844e-05,4.332999999689946e-05,8.95000000014079e-05,27,56,False
24,866,1.0,4.690699999798653e-05,5.515899999863905e-05,0.00010206599999662558,28,57,False
25,866,1.0,7.627499999784959e-05,5.824099999074406e-05,0.00013451599998859365,29,58,False
26,866,1.0,5.780099999697086e-05,5.143900000348367e-05,0.00010924000000045453,30,59,False
27,866,1.0,5.5544000005625094e-05,4.7286000011581564e-05,0.00010283000001720666,31,60,False
28,866,1.0,5.083800000704741e-05,5.577100000664359e-05,0.000106609000013691,32,61,False
29,866,1.0,6.542199999159948e-05,4.5677000002797286e-05,0.00011109899999439676,33,62,False
30,866,1.0,5.6564000004755144e-05,4.487699999344841e-05,0.00010144099999820355,34,63,False
31,866,1.0,5.599699998981578e-05,4.4836000000714193e-05,0.00010083299999052997,35,64,False
32,866,1.0,5.325700000469169e-05,4.884999999887896e-05,0.00010210700000357065,36,65,False
33,866,1.0,8.899899999903482e-05,6.104800000628074e-05,0.00015004700000531557,37,66,False
34,866,1.0,6.643800000460942e-05,4.9968999988436735e-05,0.00011640699999304616,38,67,False
35,866,1.0,6.002000000648877e-05,4.3409999989307835e-05,0.0001034299999957966,39,68,False
36,866,1.0,5.738900000551439e-05,4.255999999713822e-05,9.994900000265261e-05,40,69,False
37,866,1.0,7.070800000974486e-05,5.347500000141281e-05,0.00012418300001115767,41,70,False
38,866,1.0,6.432799999345207e-05,5.353999999613279e-05,0.00011786799998958486,42,71,False
39,866,1.0,0.00015813899999272962,6.313800000157244e-05,0.00022127699999430206,43,72,False
40,866,1.0,9.713400000066486e-05,6.040300000620391e-05,0.00015753700000686877,44,73,False
41,866,1.0,7.642600000679067e-05,5.3210000004355607e-05,0.00012963600001114628,45,74,False
42,866,1.0,7.204400000659916e-05,6.066999999632117e-05,0.00013271400000292033,46,75,False
43,866,1.0,7.005499999479525e-05,4.9563999994006736e-05,0.00011961899998880199,47,76,False
44,866,1.0,6.645300000229781e-05,4.506099999446178e-05,0.0001115139999967596,48,77,False
45,866,1.0,6.492100000343726e-05,4.1299000002936737e-05,0.000106220000006374,49,78,False
46,866,1.0,6.950900001356786e-05,4.153999999800817e-05,0.00011104900001157603,50,79,False
47,866,1.0,6.289699999229015e-05,4.108599999597118e-05,0.00010398299998826133,51,80,False
48,866,1.0,6.313900000520789e-05,5.5766000002677174e-05,0.00011890500000788506,52,81,False
49,866,1.0,0.0001137139999940473,5.365599999151982e-05,0.00016736999998556712,53,82,False
50,866,1.0,7.493100000033337e-05,6.874499999298678e-05,0.00014367599999332015,54,83,False
51,866,1.0,0.00010887400000569869,5.6783999994536316e-05,0.000165658000000235,55,84,False
52,866,1.0,0.00011087999999404019,7.063600000378756e-05,0.00018151599999782775,56,85,False
53,866,1.0,8.49480000084668e-05,5.6494000006068745e-05,0.00014144200001453555,57,86,False
54,866,1.0,0.00012842399999613008,5.280700000298566e-05,0.00018123099999911574,58,87,False
55,866,1.0,7.661400000813501e-05,4.356200000188437e-05,0.00012017600001001938,59,88,False
56,866,1.0,7.980099999826962e-05,4.82669999968266e-05,0.00012806799999509622,60,89,False
57,866,1.0,7.33419999932039e-05,4.311200000017834e-05,0.00011645399999338224,61,90,False
58,866,1.0,7.299800000737378e-05,4.1119000002254324e-05,0.0001141170000096281,62,91,False
59,866,1.0,7.42550000012443e-05,4.0805000011800985e-05,0.00011506000001304528,63,92,False
60,866,1.0,7.429599999397851e-05,4.234600000074806e-05,0.00011664199999472658,64,93,False
61,866,1.0,7.703100000355789e-05,4.0708000000222455e-05,0.00011773900000378035,65,94,False
62,866,1.0,7.72460000035835e-05,6.306899999231064e-05,0.00014031499999589414,66,95,False
63,866,1.0,9.439900000529633e-05,5.2943999989452095e-05,0.00014734299999474842,67,96,False
64,866,1.0,9.026400000777812e-05,5.9526000001142165e-05,0.0001497900000089203,68,97,False
65,866,1.0,9.225200000173572e-05,4.3232999999531785e-05,0.0001354850000012675,69,98,False
66,866,1.0,8.419599998887861e-05,5.296999999870877e-05,0.00013716599998758738,70,99,False
67,866,1.0,0.00014622700000188615,4.944900000225516e-05,0.00019567600000414132,71,100,False
68,866,1.0,0.00010316399999510395,4.9580999998966035e-05,0.00015274499999406999,72,101,False
69,866,1.0,8.382500000436721e-05,4.268600000045808e-05,0.0001265110000048253,73,102,False
70,866,1.0,9.827099999881739e-05,4.271800000310577e-05,0.00014098900000192316,74,103,False
71,866,1.0,8.032799999568851e-05,4.1256000002931614e-05,0.00012158399999862013,75,104,False
72,866,1.0,8.126699999877474e-05,4.8272000000793014e-05,0.00012953899999956775,76,105,False
73,866,1.0,0.00011558500000319327,4.410799999732262e-05,0.0001596930000005159,77,106,False
74,866,1.0,8.52639999919802e-05,4.194000000268261e-05,0.0001272039999946628,78,107,False
75,866,1.0,8.580600000129834e-05,4.139699998972901e-05,0.00012720299999102735,79,108,False
76,866,1.0,8.512499999824286e-05,4.1105999997625986e-05,0.00012623099999586884,80,109,False
77,866,1.0,0.000146522000008531,5.021100000135448e-05,0.00019673300000988547,81,110,False
78,866,1.0,9.721600000034414e-05,4.4601999988458374e-05,0.0001418179999888025,82,111,False
79,866,1.0,9.172300001125677e-05,4.374999998901785e-05,0.00013547300000027462,83,112,False
80,866,1.0,9.378000000026532e-05,4.342500000120708e-05,0.0001372050000014724,84,113,False
81,866,1.0,9.436799999207324e-05,9.673700000689678e-05,0.00019110499999897002,85,114,False
82,866,1.0,0.00011073599999633643,4.638999999428961e-05,0.00015712599999062604,86,115,False
83,866,1.0,9.685500000955471e-05,7.229500000960343e-05,0.00016915000001915814,87,116,False
84,866,1.0,0.00010889300000371804,6.996700000172495e-05,0.000178860000005443,88,117,False
85,866,1.0,0.0003055140000043366,0.00014780200000075183,0.0004533160000050884,89,118,False
86,866,1.0,0.00013577800000064144,5.66000000077338e-05,0.00019237800000837524,90,119,False
87,866,1.0,0.00010554099999637856,6.73980000129859e-05,0.00017293900000936446,91,120,False
88,866,1.0,0.00013995999999849573,5.64439999948263e-05,0.00019640399999332203,92,121,False
89,866,1.0,0.00016202499999451447,0.00012097799999821746,0.00028300299999273193,93,122,False
90,866,1.0,0.00020068999999978132,7.46249999963311e-05,0.0002753149999961124,94,123,False
91,866,1.0,0.00010809900000197104,7.686499999692842e-05,0.00018496399999889945,95,124,False
92,866,1.0,0.00018724500000644184,6.1009999996031183e-05,0.000248255000002473,96,125,False
93,866,1.0,0.00011530500000844768,4.7016000010557946e-05,0.00016232100001900562,97,126,False
94,866,1.0,0.00010982099999523598,5.703799999423609e-05,0.00016685899998947207,98,127,False
95,866,1.0,0.00011841399999923397,5.088499999317264e-05,0.0001692989999924066,99,128,False
96,866,1.0,0.00010685899999884896,4.277399999352838e-05,0.00014963299999237734,100,129,False
97,866,1.0,0.0001023550000098794,7.37450000087847e-05,0.0001761000000186641,101,130,False
98,866,1.0,0.00014294999999719948,6.136999999739601e-05,0.0002043199999945955,102,131,False
99,866,1.0,0.00011978300000237141,4.2649999997479426e-05,0.00016243299999985084,103,132,False
100,866,1.0,0.00010312199999873428,5.066299999612056e-05,0.00015378499999485484,104,133,False
101,866,1.0,0.00010927799999649324,4.31689999942364e-05,0.00015244699999072964,105,134,False
102,866,1.0,0.00010566699999969842,4.0806999990650183e-05,0.0001464739999903486,106,135,False
103,866,1.0,0.00010170800000253166,6.083200000261968e-05,0.00016254000000515134,107,136,False
104,866,1.0,0.00016050300000358675,5.219800000588748e-05,0.00021270100000947423,108,137,False
105,866,1.0,0.00011723600000834722,4.6212000000878106e-05,0.00016344800000922532,109,138,False
106,866,1.0,0.00010790500000723569,0.00023204400000054193,0.0003399490000077776,110,139,False
107,866,1.0,0.00012914900000282614,4.986999999800901e-05,0.00017901900000083515,111,140,False
108,866,1.0,0.00011346200000161843,4.3535999992627694e-05,0.00015699799999424613,112,141,False
109,866,1.0,0.00010957900001073995,4.1886999994744656e-05,0.0001514660000054846,113,142,False
110,866,1.0,0.0002991050000105133,4.898400000286074e-05,0.00034808900001337406,114,143,False
111,866,1.0,0.00013111100000173792,5.047399999114077e-05,0.0001815849999928787,115,144,False
112,866,1.0,0.00011118999999837342,5.352299999117349e-05,0.00016471299998954692,116,145,False
113,866,1.0,0.00021113599999011967,5.6462000003421053e-05,0.0002675979999935407,117,146,False
114,866,1.0,0.00012552100000107203,4.756899998881181e-05,0.00017308999998988384,118,147,False
115,866,1.0,0.00011858700000288991,9.470100000896764e-05,0.00021328800001185755,119,148,False
116,866,1.0,0.00014196099999708167,5.436200000019653e-05,0.0001963229999972782,120,149,False
117,866,1.0,0.00011970399999938763,4.886000000681179e-05,0.00016856400000619942,121,150,False
118,866,1.0,0.00011042699999563865,4.27639999998064e-05,0.00015319099999544505,122,151,False
119,866,1.0,0.0003137540000039962,5.1648999999542866e-05,0.0003654030000035391,123,152,False
120,866,1.0,0.00011631099999931394,4.3591999997261155e-05,0.0001599029999965751,124,153,False
121,866,1.0,0.00010968099999786318,3.929999999741085e-05,0.00014898099999527403,125,154,False
122,866,1.0,0.0001101280000028737,3.8313000004563946e-05,0.00014844100000743765,126,155,False
123,866,1.0,0.00018186200000513963,5.141999999125346e-05,0.0002332819999963931,127,156,False
124,866,1.0,0.0001330189999890763,5.145400000117206e-05,0.00018447299999024835,128,157,False
125,866,1.0,0.0002867070000007743,5.215999999563792e-05,0.00033886699999641223,129,158,False
126,866,1.0,0.00013195100000018556,5.651499999714815e-05,0.0001884659999973337,130,159,False
127,866,1.0,0.0001514950000114368,4.7495000004005306e-05,0.0001989900000154421,131,160,False
128,866,1.0,0.0001590769999921804,5.008099999770366e-05,0.00020915799998988405,132,161,False
129,866,1.0,0.00013942700000768582,4.695100000162711e-05,0.00018637800000931293,133,162,False
130,866,1.0,0.0001401389999955427,6.632499999170705e-05,0.00020646399998724974,134,163,False
131,866,1.0,0.0002576490000052445,6.452499999909378e-05,0.00032217400000433827,135,164,False
132,866,1.0,0.00016176699999448374,5.0488999988829164e-05,0.0002122559999833129,136,165,False
133,866,1.0,0.0001328929999999673,4.321299999787698e-05,0.00017610599999784426,137,166,False
134,866,1.0,0.0003073859999886963,6.422400001326878e-05,0.0003716100000019651,138,167,False
135,866,1.0,0.000210514000002604,5.1310000003468303e-05,0.0002618240000060723,139,168,False
136,866,1.0,0.00012683099998866965,4.230500000801385e-05,0.0001691359999966835,140,169,False
137,866,1.0,0.00012045599999055412,4.100499999992735e-05,0.00016146099999048147,141,170,False
138,866,1.0,0.0001221170000036409,4.140699999766184e-05,0.00016352400000130274,142,171,False
139,866,1.0,0.00012228600000696588,0.00020748100000389513,0.000329767000010861,143,172,False
140,866,1.0,0.00012727600000062012,4.3376999997235544e-05,0.00017065299999785566,144,173,False
141,866,1.0,0.0002431430000058299,5.3762999996820326e-05,0.0002969060000026502,145,174,False
142,866,1.0,0.000147162999994066,4.404399999202724e-05,0.00019120699998609325,146,175,False
143,866,1.0,0.00013320500001157143,4.0429999998536914e-05,0.00017363500001010834,147,176,False
144,866,1.0,0.00012994000000787764,4.125499999929616e-05,0.0001711950000071738,148,177,False
145,866,1.0,0.0001309789999908162,6.798900000148933e-05,0.00019896799999230552,149,178,False
146,866,1.0,0.00014085300000488132,4.395199999862598e-05,0.0001848050000035073,150,179,False
147,866,1.0,0.000152805999988459,4.2758000006415386e-05,0.0001955639999948744,151,180,False
148,866,1.0,0.000132066000006148,4.018100000280356e-05,0.00017224700000895155,152,181,False
149,866,1.0,0.00013236100001279283,3.998100000046634e-05,0.00017234200001325917,153,182,False
150,866,1.0,0.0001316870000067638,4.0258999987941024e-05,0.00017194599999470483,154,183,False
151,866,1.0,0.00013269000000093456,4.0388000002167246e-05,0.0001730780000031018,155,184,False
152,866,1.0,0.00016863999999827683,4.8785000004158974e-05,0.0002174250000024358,156,185,False
153,866,1.0,0.00013971500000309334,4.3208999997546016e-05,0.00018292400000063935,157,186,False
154,866,1.0,0.00013790499998833639,4.1569000003960355e-05,0.00017947399999229674,158,187,False
155,866,1.0,0.00033291299999405055,5.0892000004409965e-05,0.0003838049999984605,159,188,False
156,866,1.0,0.0001435199999946235,4.352900000981208e-05,0.00018704900000443558,160,189,False
157,866,1.0,0.00013607399999671088,4.060499999525291e-05,0.0001766789999919638,161,190,False
158,866,1.0,0.00013552199999367076,4.002699999716697e-05,0.00017554899999083773,162,191,False
159,866,1.0,0.00013635400000566733,5.473099999164788e-05,0.0001910849999973152,163,192,False
160,866,1.0,0.0001758749999964948,4.7189000000003034e-05,0.00022306399999649784,164,193,False
161,866,1.0,0.00015852900000368209,4.465699998945638e-05,0.00020318599999313847,165,194,False
162,866,1.0,0.00014495400000669179,4.4737999999711064e-05,0.00018969200000640285,166,195,False
163,866,1.0,0.0001454860000080771,4.341099999294329e-05,0.0001888970000010204,167,196,False
164,866,1.0,0.00015055499999050426,4.754699999409695e-05,0.0001981019999846012,168,197,False
165,866,1.0,0.00018427100000906194,5.247999999369313e-05,0.00023675100000275506,169,198,False
166,866,1.0,0.0001589010000060398,4.429300000197145e-05,0.00020319400000801124,170,199,False
167,866,1.0,0.0001552669999966838,4.303699999752553e-05,0.00019830399999420933,171,200,False
168,866,1.0,0.00016035699999861208,4.235100000471448e-05,0.00020270800000332656,172,201,False
169,866,1.0,0.00014581599999985428,4.308300000843701e-05,0.0001888990000082913,173,202,False
170,866,1.0,0.0001490220000022191,4.1210999995655584e-05,0.00019023299999787469,174,203,False
171,866,1.0,0.0002484540000011748,5.6607999994184865e-05,0.00030506199999535966,175,204,False
172,866,1.0,0.00017512899999871934,5.3308000005358736e-05,0.00022843700000407807,176,205,False
173,866,1.0,0.00021037000000490025,7.535799998947823e-05,0.0002857279999943785,177,206,False
174,866,1.0,0.00017957800000090174,5.2288999995653285e-05,0.00023186699999655502,178,207,False
175,866,1.0,0.00016599500000324952,4.67000000128337e-05,0.0002126950000160832,179,208,False
176,866,1.0,0.0002637019999980339,5.4363000003831985e-05,0.0003180650000018659,180,209,False
177,866,1.0,0.00016833600000154547,4.784600000107275e-05,0.00021618200000261822,181,210,False
178,866,1.0,0.00015948700000478766,4.5009999993794736e-05,0.0002044969999985824,182,211,False
179,866,1.0,0.00018757900001276084,0.0001460539999982302,0.00033363300001099105,183,212,False
180,866,1.0,0.00026970399999015626,8.326500000066517e-05,0.00035296899999082143,184,213,False
181,866,1.0,0.00019209500000272328,5.215799998836701e-05,0.0002442529999910903,185,214,False
182,866,1.0,0.00019193500000369568,7.460200001219164e-05,0.0002665370000158873,186,215,False
183,866,1.0,0.0002101049999936322,5.591000000038093e-05,0.0002660149999940131,187,216,False
184,866,1.0,0.00017791999999872132,5.070400000306563e-05,0.00022862400000178695,188,217,False
185,866,1.0,0.00018383500000140884,4.7708000010970864e-05,0.0002315430000123797,189,218,False
186,866,1.0,0.00021099900000365324,7.570500000042557e-05,0.0002867040000040788,190,219,False
187,866,1.0,0.00020050300000207244,5.4878000000258e-05,0.00025538100000233044,191,220,False
188,866,1.0,0.00019830099999751383,5.330599999808783e-05,0.00025160699999560165,192,221,False
189,866,1.0,0.00019033299999193787,5.247899999005767e-05,0.00024281199998199554,193,222,False
190,866,1.0,0.00019074399999396974,6.543000000647226e-05,0.000256174000000442,194,223,False
191,866,1.0,0.00021268399999030407,6.043400000521615e-05,0.0002731179999955202,195,224,False
192,866,1.0,0.00020597900000041136,0.00011350299999435265,0.000319481999994764,196,225,False
193,866,1.0,0.00025252000000364205,7.433000000389711e-05,0.00032685000000753917,197,226,False
194,866,1.0,0.0002244200000092178,6.260499999655167e-05,0.00028702500000576947,198,227,False
195,866,1.0,0.0002091409999991356,5.925300000342304e-05,0.00026839400000255864,199,228,False
196,866,1.0,0.00020742399999562622,5.965399999752208e-05,0.0002670779999931483,200,229,False
197,866,1.0,0.00020442199999592958,5.3854999990221586e-05,0.00025827699998615117,201,230,False
198,866,1.0,0.00019527199999913591,5.476599999099108e-05,0.000250037999990127,202,231,False
199,866,1.0,0.000289201999990496,6.770199999550641e-05,0.0003569039999860024,203,232,False
200,866,1.0,0.00021498200000280576,7.918500000414497e-05,0.00029416700000695073,204,233,False
201,866,1.0,0.00023410099998955047,6.941000000892927e-05,0.00030351099999847975,205,234,False
202,866,1.0,0.0002255819999987807,5.319800000336272e-05,0.0002787800000021434,206,235,False
203,866,1.0,0.00024343300000850832,5.838900000298963e-05,0.00030182200001149795,207,236,False
204,866,1.0,0.00020728699999494893,5.3321000009987074e-05,0.000260608000004936,208,237,False
205,866,1.0,0.00020678200000645575,5.161400000019967e-05,0.0002583960000066554,209,238,False
206,866,1.0,0.00031409199999643533,6.626799999764899e-05,0.0003803599999940843,210,239,False
207,866,1.0,0.0002081890000056319,5.083700000341196e-05,0.00025902600000904386,211,240,False
208,866,1.0,0.0002319609999972272,5.1816000009807794e-05,0.000283777000007035,212,241,False
209,866,1.0,0.0002019470000078627,4.954700000325829e-05,0.000251494000011121,213,242,False
210,866,1.0,0.00021067700001253797,4.862100000480041e-05,0.0002592980000173384,214,243,False
211,866,1.0,0.0002541070000035006,5.6983999996873536e-05,0.00031109100000037415,215,244,False
212,866,1.0,0.0003180180000015298,8.86569999920539e-05,0.0004066749999935837,216,245,False
213,866,1.0,0.00026251200000615427,0.00010470499999826188,0.00036721700000441615,217,246,False
214,866,1.0,0.0002453900000034537,6.494600000905848e-05,0.00031033600001251216,218,247,False
215,866,1.0,0.00035361599999816917,6.262799999490198e-05,0.00041624399999307116,219,248,False
216,866,1.0,0.0002730590000084021,0.0001636470000079271,0.0004367060000163292,220,249,False
217,866,1.0,0.00040830300000038733,0.00010530000000130713,0.0005136030000016945,221,250,False
218,866,1.0,0.00042195300000003044,0.00014662499999928968,0.0005685779999993201,222,251,False
219,866,1.0,0.0003778340000053504,7.748200000889938e-05,0.00045531600001424977,223,252,False
220,866,1.0,0.0003284539999981462,6.410999999673095e-05,0.0003925639999948771,224,253,False
221,866,1.0,0.0002757369999955017,7.43100000022423e-05,0.000350046999997744,225,254,False
222,866,1.0,0.00024216199999216315,6.3706999995361e-05,0.00030586899998752415,226,255,False
223,866,1.0,0.00024424899999075933,5.558499999835931e-05,0.00029983399998911864,227,256,False
224,866,1.0,0.0002528560000030211,5.18190000065033e-05,0.0003046750000095244,228,257,False
225,866,1.0,0.00022212300000035157,5.143199999224635e-05,0.0002735549999925979,229,258,False
226,866,1.0,0.00021257200000945886,9.620299999824056e-05,0.0003087750000076994,230,259,False
227,866,1.0,0.0004486210000038682,6.40389999944091e-05,0.0005126599999982773,231,260,False
228,866,1.0,0.00024169300000664862,5.767200001116635e-05,0.00029936500001781496,232,261,False
229,866,1.0,0.00023471699999788598,5.822399999999561e-05,0.0002929409999978816,233,262,False
230,866,1.0,0.0003408400000068923,6.735099999843897e-05,0.00040819100000533126,234,263,False
231,866,1.0,0.0002496239999913996,5.3097999995088685e-05,0.0003027219999864883,235,264,False
232,866,1.0,0.00021651900000563273,5.2055000011819175e-05,0.0002685740000174519,236,265,False
233,866,1.0,0.00021581000000026052,5.1040999991869285e-05,0.0002668509999921298,237,266,False
234,866,1.0,0.00021162599999513532,4.9024000006170354e-05,0.00026065000000130567,238,267,False
235,866,1.0,0.0002131100000042352,6.209699999715212e-05,0.0002752070000013873,239,268,False
236,866,1.0,0.00020526199999437722,6.285300000286043e-05,0.00026811499999723765,240,269,False
237,866,1.0,0.00021970599999576734,5.455800000220279e-05,0.00027426399999797013,241,270,False
238,866,1.0,0.00020922900000641675,5.0962000003096364e-05,0.0002601910000095131,242,271,False
239,866,1.0,0.00020628200000771812,4.885000001308981e-05,0.00025513200002080794,243,272,False
240,866,1.0,0.00020495500000095035,4.7682000001714187e-05,0.00025263700000266454,244,273,False
241,866,1.0,0.0002088619999938146,4.859400000611913e-05,0.00025745599999993374,245,274,False
242,866,1.0,0.00021245700000349643,0.00010217100000886603,0.00031462800001236246,246,275,False
243,866,1.0,0.0002528769999941005,5.5657999993741214e-05,0.00030853499998784173,247,276,False
244,866,1.0,0.00021848400000124002,4.926099998669997e-05,0.00026774499998794,248,277,False
245,866,1.0,0.00020844699999145178,4.820799999549763e-05,0.0002566549999869494,249,278,False
246,866,1.0,0.00020074300000771927,4.493499999114192e-05,0.0002456779999988612,250,279,False
247,866,1.0,0.00022127600000487746,4.859899999587469e-05,0.00026987500000075215,251,280,False
248,866,1.0,0.00020065999999019368,4.735699999969256e-05,0.00024801699998988624,252,281,False
249,866,1.0,0.0002008710000040992,4.8128999992513855e-05,0.00024899999999661304,253,282,False
250,866,1.0,0.00019838899999058413,4.55609999931994e-05,0.00024394999998378353,254,283,False
251,866,1.0,0.0001976409999997486,4.5483999997486535e-05,0.00024312499999723514,255,284,False
252,866,1.0,0.0003576609999953462,5.523800000162282e-05,0.000412898999996969,256,285,False
253,866,1.0,0.00021394000000896085,4.644999999925403e-05,0.0002603900000082149,257,286,False
254,866,1.0,0.00020671599999388945,8.758999999258776e-05,0.0002943059999864772,258,287,False
255,866,1.0,0.0002689749999973401,5.038899999476598e-05,0.0003193639999921061,259,288,False
256,866,1.0,0.000221220000000244,4.4674999998051135e-05,0.00026589499999829513,260,289,False
257,866,1.0,0.0002049500000111948,4.370300000289262e-05,0.0002486530000140874,261,290,False
258,866,1.0,0.00020721299999593157,4.4048999995993654e-05,0.0002512619999919252,262,291,False
259,866,1.0,0.00020785099999898193,4.39590000098633e-05,0.00025181000000884524,263,292,False
260,866,1.0,0.0002972750000083124,6.89799999946672e-05,0.0003662550000029796,264,293,False
261,866,1.0,0.00023591299999736748,4.790900000273268e-05,0.00028382200000010016,265,294,False
262,866,1.0,0.00029041000000518125,4.6166000004177477e-05,0.0003365760000093587,266,295,False
263,866,1.0,0.00021290800000883792,4.60520000018505e-05,0.0002589600000106884,267,296,False
264,866,1.0,0.00022694000000456072,4.720300000826683e-05,0.00027414300001282754,268,297,False
265,866,1.0,0.0002137150000010024,4.625500000088323e-05,0.00025997000000188564,269,298,False
266,866,1.0,0.0002099000000015394,4.650500000025204e-05,0.00025640500000179145,270,299,False
267,866,1.0,0.00021129400001029808,4.460600000300019e-05,0.00025590000001329827,271,300,False
268,866,1.0,0.00023064100000169674,4.851200000643985e-05,0.0002791530000081366,272,301,False
269,866,1.0,0.00023181799998894803,5.269100000759863e-05,0.00028450899999654666,273,302,False
270,866,1.0,0.0002574309999943125,5.5030000012834535e-05,0.00031246100000714705,274,303,False
271,866,1.0,0.0003051120000066021,6.664500000397311e-05,0.0003717570000105752,275,304,False
272,866,1.0,0.00027489100000366307,5.399299999453433e-05,0.0003288839999981974,276,305,False
273,866,1.0,0.0003071430000005648,6.140000000698365e-05,0.00036854300000754847,277,306,False
274,866,1.0,0.0002328249999976606,5.038300000137497e-05,0.00028320799999903556,278,307,False
275,866,1.0,0.00023041100000398274,5.1061999997159546e-05,0.0002814730000011423,279,308,False
276,866,1.0,0.0002637460000016745,5.77619999972967e-05,0.00032150799999897117,280,309,False
277,866,1.0,0.00034146100000498336,0.00011882399999763038,0.00046028500000261374,281,310,False
278,866,1.0,0.00028573900000594676,5.732300000715895e-05,0.0003430620000131057,282,311,False
279,866,1.0,0.0002754669999944781,4.973199999369626e-05,0.00032519899998817436,283,312,False
280,866,1.0,0.00024494800000240957,0.00013681999999448635,0.0003817679999968959,284,313,False
281,866,1.0,0.00026159800000868927,4.81099999944945e-05,0.00030970800000318377,285,314,False
282,866,1.0,0.00023317800000199895,7.280400001263843e-05,0.0003059820000146374,286,315,False
283,866,1.0,0.0003449250000073789,5.7612000006201924e-05,0.00040253700001358084,287,316,False
284,866,1.0,0.00024590399999624424,5.8593000005657814e-05,0.00030449700000190205,288,317,False
285,866,1.0,0.00027735000000461696,4.781600000569597e-05,0.00032516600001031293,289,318,False
286,866,1.0,0.0002445860000079847,5.8027000008564755e-05,0.00030261300001654945,290,319,False
287,866,1.0,0.0002498870000096076,4.5124999999757165e-05,0.0002950120000093648,291,320,False
288,866,1.0,0.00023332400000697362,4.5037999996111466e-05,0.0002783620000030851,292,321,False
289,866,1.0,0.00022703300000159743,0.00011595600000191553,0.00034298900000351296,293,322,False
290,866,1.0,0.00026885199999071574,4.559799999981351e-05,0.00031444999999052925,294,323,False
291,866,1.0,0.00036085600000035356,4.726999999604686e-05,0.0004081259999964004,295,324,False
292,866,1.0,0.00023978000000113298,4.641799999660634e-05,0.0002861979999977393,296,325,False
293,866,1.0,0.00022958000000983247,4.578399999388694e-05,0.0002753640000037194,297,326,False
294,866,1.0,0.00023374899998884757,4.553899999848454e-05,0.0002792879999873321,298,327,False
295,866,1.0,0.0002390719999993962,4.646099999661146e-05,0.0002855329999960077,299,328,False
296,866,1.0,0.00031495599999686874,4.94450000019242e-05,0.00036440099999879294,300,329,False
297,866,1.0,0.00023620900000764777,4.761199998881693e-05,0.0002838209999964647,301,330,False
298,866,1.0,0.000234832999993273,4.7758999997427054e-05,0.00028259199999070006,302,331,False
299,866,1.0,0.0002798900000016147,4.792600000769198e-05,0.00032781600000930666,303,332,False
300,866,1.0,0.0003205699999995204,0.0001403019999912658,0.0004608719999907862,304,333,False
301,866,1.0,0.0005718540000003713,6.344999999896572e-05,0.0006353039999993371,305,334,False
302,866,1.0,0.00040204699999435434,6.329500000390453e-05,0.00046534199999825887,306,335,False
303,866,1.0,0.00026721599999746104,4.8395000007417366e-05,0.0003156110000048784,307,336,False
304,866,1.0,0.0002552889999947183,4.611299999623952e-05,0.00030140199999095785,308,337,False
305,866,1.0,0.000256523999993874,4.7034000004941845e-05,0.00030355799999881583,309,338,False
306,866,1.0,0.0002495479999993222,4.631199999494129e-05,0.0002958599999942635,310,339,False
307,866,1.0,0.00024228300000572744,4.634199999031807e-05,0.0002886249999960455,311,340,False
308,866,1.0,0.0002434980000032283,4.697299999634197e-05,0.00029047099999957027,312,341,False
309,866,1.0,0.0003060410000017555,5.483600000388833e-05,0.0003608770000056438,313,342,False
310,866,1.0,0.0002633790000032832,6.135399999607216e-05,0.00032473299999935534,314,343,False
311,866,1.0,0.0003077379999893992,0.00015431699999624016,0.00046205499998563937,315,344,False
312,866,1.0,0.0004074330000065629,7.712000000026364e-05,0.00048455300000682655,316,345,False
313,866,1.0,0.0002971739999964029,5.788999999367661e-05,0.00035506399999007954,317,346,False
314,866,1.0,0.0002858750000029886,8.038400000032198e-05,0.0003662590000033106,318,347,False
315,866,1.0,0.000554762999996683,0.0001084750000046597,0.0006632380000013427,319,348,False
316,866,1.0,0.0002866119999964667,5.189600000221617e-05,0.00033850799999868286,320,349,False
317,866,1.0,0.00026600500000029115,8.407600000737148e-05,0.0003500810000076626,321,350,False
318,866,1.0,0.00033135999998989973,6.355400000757072e-05,0.00039491399999747046,322,351,False
319,866,1.0,0.0003960680000005823,6.234600000709634e-05,0.0004584140000076786,323,352,False
320,866,1.0,0.0002898440000080882,5.239200000062283e-05,0.000342236000008711,324,353,False
321,866,1.0,0.00033993399999587837,5.653899999913392e-05,0.0003964729999950123,325,354,False
322,866,1.0,0.00027321099999255694,4.925100000718885e-05,0.0003224619999997458,326,355,False
323,866,1.0,0.0002643450000050507,6.185200000174973e-05,0.0003261970000068004,327,356,False
324,866,1.0,0.00035581299999876137,6.345500000293214e-05,0.0004192680000016935,328,357,False
325,866,1.0,0.00032443500001022585,0.00010210700000357065,0.0004265420000137965,329,358,False
326,866,1.0,0.0003083400000036818,6.1024000004294976e-05,0.00036936400000797676,330,359,False
327,866,1.0,0.0003001399999931209,5.7018999996216735e-05,0.00035715899998933764,331,360,False
328,866,1.0,0.0004450189999971599,6.462700000042787e-05,0.0005096459999975878,332,361,False
329,866,1.0,0.0003251509999984137,5.8512000009613985e-05,0.00038366300000802767,333,362,False
330,866,1.0,0.0003016029999969305,7.122700000650184e-05,0.00037283000000343236,334,363,False
331,866,1.0,0.00030580699998949967,6.534300000282656e-05,0.00037114999999232623,335,364,False
332,866,1.0,0.00042965800000160925,7.385500001078071e-05,0.00050351300001239,336,365,False
333,866,1.0,0.00034376099999633425,7.957700000815748e-05,0.00042333800000449173,337,366,False
334,866,1.0,0.00036869599999533875,6.19460000024219e-05,0.00043064199999776065,338,367,False
335,866,1.0,0.0003125799999992296,9.925800000587515e-05,0.00041183800000510473,339,368,False
336,866,1.0,0.0004833849999954509,7.175400000392074e-05,0.0005551389999993717,340,369,False
337,866,1.0,0.00041147700000010445,6.860899999594494e-05,0.0004800859999960494,341,370,False
338,866,1.0,0.00031418100000735194,5.9758999995551676e-05,0.0003739400000029036,342,371,False
339,866,1.0,0.0003132379999897239,5.9852000006799244e-05,0.00037308999999652315,343,372,False
340,866,1.0,0.00033278499999767064,6.011499999658554e-05,0.0003928999999942562,344,373,False
341,866,1.0,0.00033104099999548,6.077200001186611e-05,0.0003918130000073461,345,374,False
342,866,1.0,0.0004287809999965475,7.419400000685528e-05,0.0005029750000034028,346,375,False
343,866,1.0,0.00033144699999354543,6.384900000000471e-05,0.00039529599999355014,347,376,False
344,866,1.0,0.00032616699999721277,6.86470000061945e-05,0.00039481400000340727,348,377,False
345,866,1.0,0.0003680359999975735,5.65139999935127e-05,0.0004245499999910862,349,378,False
346,866,1.0,0.00034030700000187153,5.682899998760149e-05,0.000397135999989473,350,379,False
347,866,1.0,0.0003490810000101874,5.7999999995672624e-05,0.00040708100000586,351,380,False
348,866,1.0,0.00040463399999168814,6.478999999615098e-05,0.0004694239999878391,352,381,False
349,866,1.0,0.00032597199999884197,5.3691000005073874e-05,0.00037966300000391584,353,382,False
350,866,1.0,0.0002958219999982248,6.811900000514015e-05,0.00036394100000336493,354,383,False
351,866,1.0,0.00030613500000242766,6.551200000615154e-05,0.0003716470000085792,355,384,False
352,866,1.0,0.0003733309999915946,6.108399999504854e-05,0.0004344149999866431,356,385,False
353,866,1.0,0.0003734879999939267,5.8334999991416225e-05,0.0004318229999853429,357,386,False
354,866,1.0,0.0003179630000005318,5.475100000751354e-05,0.00037271400000804533,358,387,False
355,866,1.0,0.0003168949999974302,5.708300000151212e-05,0.0003739779999989423,359,388,False
356,866,1.0,0.0003264349999909655,5.655200000376226e-05,0.00038298699999472774,360,389,False
357,866,1.0,0.000369340000005991,6.773799999848507e-05,0.00043707800000447605,361,390,False
358,866,1.0,0.0004234900000028574,6.877399999893896e-05,0.0004922640000017964,362,391,False
359,866,1.0,0.0003772870000062767,6.239100000016151e-05,0.0004396780000064382,363,392,False
360,866,1.0,0.0003577589999963493,5.641699999614502e-05,0.0004141759999924943,364,393,False
361,866,1.0,0.0005457500000005666,7.39900000041871e-05,0.0006197400000047537,365,394,False
362,866,1.0,0.00031904600000132177,5.577100000664359e-05,0.00037481700000796536,366,395,False
363,866,1.0,0.0004108039999977109,6.362399999204627e-05,0.00047442799998975715,367,396,False
364,866,1.0,0.0003057900000129621,7.46459999874105e-05,0.0003804360000003726,368,397,False
365,866,1.0,0.0004342080000014903,6.60110000012537e-05,0.000500219000002744,369,398,False
366,866,1.0,0.00038809200000855526,6.031800000982912e-05,0.0004484100000183844,370,399,False
367,866,1.0,0.0004053859999970655,6.184600000835871e-05,0.0004672320000054242,371,400,False
368,866,1.0,0.0003170259999905056,5.4737999988674346e-05,0.00037176399997917997,372,401,False
369,866,1.0,0.00033045399999309666,5.601099999807957e-05,0.00038646499999117623,373,402,False
370,866,1.0,0.0003136819999980389,5.5777000000034604e-05,0.0003694589999980735,374,403,False
371,866,1.0,0.00038238400000523143,6.511699999123266e-05,0.0004475009999964641,375,404,False
372,866,1.0,0.00033274000000460546,5.589100000236158e-05,0.00038863100000696704,376,405,False
373,866,1.0,0.0003149820000061254,5.450100000814473e-05,0.00036948300001427015,377,406,False
374,866,1.0,0.0003937760000098933,6.231799999056875e-05,0.0004560940000004621,378,407,False
375,866,1.0,0.00034218399999019766,5.5000000003246896e-05,0.00039718399999344456,379,408,False
376,866,1.0,0.00033713499999521446,5.320500000038919e-05,0.00039033999999560365,380,409,False
377,866,1.0,0.0003345849999902839,5.177699999592278e-05,0.0003863619999862067,381,410,False
378,866,1.0,0.0003024130000000014,6.513400001040281e-05,0.0003675470000104042,382,411,False
379,866,1.0,0.00034892600000091534,5.473199999528333e-05,0.00040365799999619867,383,412,False
380,866,1.0,0.00031485699999223016,8.794500000419703e-05,0.0004028019999964272,384,413,False
381,866,1.0,0.00038937399999383615,5.9595999999828564e-05,0.0004489699999936647,385,414,False
382,866,1.0,0.00030673199999853296,5.6374999999775355e-05,0.0003631069999983083,386,415,False
383,866,1.0,0.00031757700000412115,5.3828999995175764e-05,0.0003714059999992969,387,416,False
384,866,1.0,0.00032473599999605085,5.6775000004449794e-05,0.00038151100000050064,388,417,False
385,866,1.0,0.0003292410000028667,5.449500000054286e-05,0.00038373600000340957,389,418,False
386,866,1.0,0.0003517789999989418,5.765200000951154e-05,0.00040943100000845334,390,419,False
387,866,1.0,0.00034058500000355707,5.9487000001468004e-05,0.0004000720000050251,391,420,False
388,866,1.0,0.0003587850000030812,6.095999999899959e-05,0.0004197450000020808,392,421,False
389,866,1.0,0.000370424999999841,6.11409999891066e-05,0.0004315659999889476,393,422,False
390,866,1.0,0.0004784650000004831,0.00010149300000250605,0.0005799580000029891,394,423,False
391,866,1.0,0.00038026700001125846,6.279100000483595e-05,0.0004430580000160944,395,424,False
392,866,1.0,0.0004198000000030788,5.8749999993779056e-05,0.0004785499999968579,396,425,False
393,866,1.0,0.00034569500000714015,6.847899999229412e-05,0.00041417399999943427,397,426,False
394,866,1.0,0.00032105700000784054,5.28900000063004e-05,0.00037394700001414094,398,427,False
395,866,1.0,0.00032311799999718005,6.951000000299246e-05,0.0003926280000001725,399,428,False
396,866,1.0,0.0003343839999985221,5.18199999959279e-05,0.00038620399999445,400,429,False
397,866,1.0,0.0003095219999948995,5.206900000587211e-05,0.0003615910000007716,401,430,False
398,866,1.0,0.0003066100000097549,5.0270999992108045e-05,0.00035688100000186296,402,431,False
399,866,1.0,0.00030841999999609016,5.148000001042874e-05,0.0003599000000065189,403,432,False
400,866,1.0,0.00033396899999615925,0.00011996499999611387,0.00045393399999227313,404,433,False
401,866,1.0,0.0003436160000092059,5.619300000603289e-05,0.0003998090000152388,405,434,False
402,866,1.0,0.00039693399999407575,5.120400000180325e-05,0.000448137999995879,406,435,False
403,866,1.0,0.000342016000004719,5.122400000345806e-05,0.00039324000000817705,407,436,False
404,866,1.0,0.00031226999999489635,5.010200000299392e-05,0.00036237199999789027,408,437,False
405,866,1.0,0.0003942109999997001,5.775500000027023e-05,0.00045196599999997034,409,438,False
406,866,1.0,0.00040336499999682474,6.0095000009141586e-05,0.0004634600000059663,410,439,False
407,866,1.0,0.000351584000000571,5.5668999991098644e-05,0.00040725299999166964,411,440,False
408,866,1.0,0.00032639799999856223,0.00010341699999116827,0.0004298149999897305,412,441,False
409,866,1.0,0.0004176559999962137,5.593899999212226e-05,0.000473594999988336,413,442,False
410,866,1.0,0.0003592869999948789,5.2721999992400015e-05,0.0004120089999872789,414,443,False
411,866,1.0,0.0003173549999928582,5.0607999995122555e-05,0.00036796299998798077,415,444,False
412,866,1.0,0.00032421199999532746,5.1303000006441835e-05,0.0003755150000017693,416,445,False
413,866,1.0,0.0003181109999985665,5.2140999997618565e-05,0.0003702519999961851,417,446,False
414,866,1.0,0.0003258190000110517,5.254600000625942e-05,0.0003783650000173111,418,447,False
415,866,1.0,0.00036453799999947023,0.00010195599999462956,0.0004664939999940998,419,448,False
416,866,1.0,0.0005209079999985988,0.00012230100000465427,0.0006432090000032531,420,449,False
417,866,1.0,0.00036067300000297564,5.798099999765327e-05,0.0004186540000006289,421,450,False
418,866,1.0,0.0004609329999993861,7.079699999223976e-05,0.0005317299999916258,422,451,False
419,866,1.0,0.0003822289999959594,5.930100000739458e-05,0.00044153000000335396,423,452,False
420,866,1.0,0.0003296720000065534,5.423400000381662e-05,0.00038390600001037,424,453,False
421,866,1.0,0.00039974999999969896,6.53769999985343e-05,0.00046512699999823326,425,454,False
422,866,1.0,0.00036138500000504337,5.8291000001986504e-05,0.00041967600000702987,426,455,False
423,866,1.0,0.00037333199999523003,5.9493999998494473e-05,0.0004328259999937245,427,456,False
424,866,1.0,0.00046301199999732034,6.992200000865978e-05,0.0005329340000059801,428,457,False
425,866,1.0,0.00037915400000088084,6.246899999950983e-05,0.0004416230000003907,429,458,False
426,866,1.0,0.0003790820000091344,5.99060000041618e-05,0.0004389880000132962,430,459,False
427,866,1.0,0.0004057050000056961,6.463200000439429e-05,0.0004703370000100904,431,460,False
428,866,1.0,0.00042871499999819207,6.628500000260829e-05,0.0004950000000008004,432,461,False
429,866,1.0,0.00038904199999478806,8.479199999555931e-05,0.00047383399999034737,433,462,False
430,866,1.0,0.0004030119999924864,7.162100000357441e-05,0.0004746329999960608,434,463,False
431,866,1.0,0.00042012800000179595,9.699900000725847e-05,0.0005171270000090544,435,464,False
432,866,1.0,0.0004744839999943906,0.00010860799999079518,0.0005830919999851858,436,465,False
433,866,1.0,0.00041699499999481304,9.689700000592438e-05,0.0005138920000007374,437,466,False
434,866,1.0,0.0004438169999900765,7.122600000286639e-05,0.0005150429999929429,438,467,False
435,866,1.0,0.0004291649999998981,6.51329999925565e-05,0.0004942979999924546,439,468,False
436,866,1.0,0.00043337700000734003,6.285700000319139e-05,0.0004962340000105314,440,469,False
437,866,1.0,0.0004466479999933881,9.16120000056253e-05,0.0005382599999990134,441,470,False
438,866,1.0,0.00041838799999993626,6.99280000020508e-05,0.000488316000001987,442,471,False
439,866,1.0,0.00046779599999524635,6.747599999812337e-05,0.0005352719999933697,443,472,False
440,866,1.0,0.00040431600000090384,6.136399998979414e-05,0.000465679999990698,444,473,False
441,866,1.0,0.00039810900000247784,6.0074000003851324e-05,0.00045818300000632917,445,474,False
442,866,1.0,0.0003997420000132479,5.916599999977734e-05,0.00045890800001302523,446,475,False
443,866,1.0,0.0005976529999998093,7.656500000052802e-05,0.0006742180000003373,447,476,False
444,866,1.0,0.00042872799998860955,6.474799999978131e-05,0.0004934759999883909,448,477,False
445,866,1.0,0.0004139199999997345,7.102799999358922e-05,0.0004849479999933237,449,478,False
446,866,1.0,0.00041948199999808367,7.93359999988752e-05,0.0004988179999969589,450,479,False
447,866,1.0,0.0008953159999975924,9.42630000082545e-05,0.0009895790000058469,451,480,False
448,866,1.0,0.00046111100000700844,9.686499998906584e-05,0.0005579759999960743,452,481,False
449,866,1.0,0.0006357550000046785,0.0001220329999966907,0.0007577880000013693,453,482,False
450,866,1.0,0.0004144299999921941,0.00022018200000673005,0.0006346119999989241,454,483,False
451,866,1.0,0.0004949720000126945,7.988599999464441e-05,0.0005748580000073389,455,484,False
452,866,1.0,0.0006828200000086326,8.000900000126876e-05,0.0007628290000099014,456,485,False
453,866,1.0,0.0004642329999882122,6.440699999643584e-05,0.0005286399999846481,457,486,False
454,866,1.0,0.00041260599999759506,6.40419999911046e-05,0.00047664799998869967,458,487,False
455,866,1.0,0.0006175700000028428,8.85860000039429e-05,0.0007061560000067857,459,488,False
456,866,1.0,0.0004688670000092543,6.978299998650073e-05,0.000538649999995755,460,489,False
457,866,1.0,0.0004244060000075933,6.115800000827676e-05,0.0004855640000158701,461,490,False
458,866,1.0,0.0008480259999998907,8.05170000006683e-05,0.000928543000000559,462,491,False
459,866,1.0,0.00042617500000119435,7.213299998909406e-05,0.0004983079999902884,463,492,False
460,866,1.0,0.0004123119999945857,7.394900001145288e-05,0.00048626100000603856,464,493,False
461,866,1.0,0.0004189239999874417,6.246299999190796e-05,0.00048138699997934964,465,494,False
462,866,1.0,0.0004752340000067079,6.710800001030748e-05,0.0005423420000170154,466,495,False
463,866,1.0,0.0005185349999976552,0.000258231999993086,0.0007767669999907412,467,496,False
464,866,1.0,0.0004821379999953024,7.29019999994307e-05,0.0005550399999947331,468,497,False
465,866,1.0,0.00042733500001190805,5.721300000516294e-05,0.000484548000017071,469,498,False
466,866,1.0,0.0004017680000032442,5.814499999701184e-05,0.00045991300000025603,470,499,False
467,866,1.0,0.0006275969999904873,7.172200000127305e-05,0.0006993189999917604,471,500,False
468,866,1.0,0.0004155729999979485,5.9652999993886624e-05,0.0004752259999918351,472,501,False
469,866,1.0,0.0003852690000059056,7.513799999969706e-05,0.00046040700000560264,473,502,False
470,866,1.0,0.00037520200000074055,7.097099999953116e-05,0.0004461730000002717,474,503,False
471,866,1.0,0.0004529880000063713,6.114500000364842e-05,0.0005141330000100197,475,504,False
472,866,1.0,0.0006588370000031318,0.0001010720000067522,0.000759909000009884,476,505,False
473,866,1.0,0.0004077150000085794,6.284399999856305e-05,0.00047055900000714246,477,506,False
474,866,1.0,0.00037884299999291215,7.748299999832398e-05,0.00045632599999123613,478,507,False
475,866,1.0,0.0004275969999980589,6.360800000493327e-05,0.0004912050000029922,479,508,False
476,866,1.0,0.00045405599999526203,6.9963000001394e-05,0.000524018999996656,480,509,False
477,866,1.0,0.000398662999998578,6.867400000487578e-05,0.0004673370000034538,481,510,False
478,866,1.0,0.0004247380000066414,5.830099999570848e-05,0.0004830390000023499,482,511,False
479,866,1.0,0.0003877340000002505,5.68130000004885e-05,0.000444547000000739,483,512,False
480,866,1.0,0.0003841719999968518,8.450299999651634e-05,0.00046867499999336815,484,513,False
481,866,1.0,0.0004209430000088332,6.128400001159662e-05,0.00048222700002042984,485,514,False
482,866,1.0,0.00044082899999864367,7.105100000615039e-05,0.0005118800000047941,486,515,False
483,866,1.0,0.0004704270000104316,6.74699999905215e-05,0.0005378970000009531,487,516,False
484,866,1.0,0.0005200760000008131,8.115900000404963e-05,0.0006012350000048627,488,517,False
485,866,1.0,0.000523849999993331,7.479399999965608e-05,0.0005986439999929871,489,518,False
486,866,1.0,0.0004711409999913485,6.999000000007527e-05,0.0005411309999914238,490,519,False
487,866,1.0,0.0006089020000104028,7.901400000775993e-05,0.0006879160000181628,491,520,False
488,866,1.0,0.0004898000000110869,6.860699998867403e-05,0.000558406999999761,492,521,False
489,866,1.0,0.0005819250000058673,7.356399999025598e-05,0.0006554889999961233,493,522,False
490,866,1.0,0.0005541620000002467,7.077099999719394e-05,0.0006249329999974407,494,523,False
491,866,1.0,0.0005068050000005542,6.81009999965454e-05,0.0005749059999970996,495,524,False
492,866,1.0,0.00042805200000373134,6.236900000544665e-05,0.000490421000009178,496,525,False
493,866,1.0,0.0005130210000032775,8.175600000015493e-05,0.0005947770000034325,497,526,False
494,866,1.0,0.0004986909999900035,6.97189999954162e-05,0.0005684099999854197,498,527,False
495,866,1.0,0.0005361179999994192,7.600099999649501e-05,0.0006121189999959142,499,528,False
496,866,1.0,0.0004979200000008177,7.874400000673631e-05,0.000576664000007554,500,529,False
497,866,1.0,0.0005049199999973553,7.138499999825854e-05,0.0005763049999956138,501,530,False
498,866,1.0,0.000476535000004219,6.69070000043348e-05,0.0005434420000085538,502,531,False
499,866,1.0,0.0006146450000130699,8.861599999931968e-05,0.0007032610000123896,503,532,False
